{
  "timestamp": "20260403_112602",
  "rms_px": 0.2019632705043323,
  "n_frames": 31,
  "image_size_wh": [
    1280,
    720
  ],
  "camera_matrix": [
    [
      684.7235622927644,
      0.0,
      655.30967779978
    ],
    [
      0.0,
      685.9373519572401,
      356.9832994218377
    ],
    [
      0.0,
      0.0,
      1.0
    ]
  ],
  "dist_coeffs": [
    -0.0004933349477650922,
    -0.042071969134645205,
    -0.00043302154453258104,
    0.00250994571404522,
    0.0295852347219947
  ]
}