{
  "T_cam2base": [
    [
      -0.4212123207069628,
      0.5770265309371254,
      -0.6997289214255193,
      1030.7670332823611
    ],
    [
      0.9069243371668827,
      0.27500881900279583,
      -0.3191526219931422,
      551.9018458122864
    ],
    [
      0.00827209399514145,
      -0.7690322048297806,
      -0.639156506964907,
      684.5788940058948
    ],
    [
      0.0,
      0.0,
      0.0,
      1.0
    ]
  ],
  "t_cam2base_mm": [
    1030.7670332823611,
    551.9018458122864,
    684.5788940058948
  ],
  "euler_ZYX_deg": [
    114.91206050288321,
    -0.47396147909818237,
    -129.73058032011227
  ],
  "T_correction": [
    [
      1.0,
      0.0,
      0.0,
      12.1
    ],
    [
      0.0,
      1.0,
      0.0,
      5.7
    ],
    [
      0.0,
      0.0,
      1.0,
      79.9
    ],
    [
      0.0,
      0.0,
      0.0,
      1.0
    ]
  ]
}