{
  "timestamp": "20260409_125619",
  "T_cam2base": [
    [
      -0.8857675274297012,
      0.33900497546578795,
      -0.3170039652126053,
      484.1846796996249
    ],
    [
      0.4390570273661975,
      0.8334725992098044,
      -0.3354882309214601,
      231.5538884055597
    ],
    [
      0.1504819393529744,
      -0.4363473994146102,
      -0.8871054801728344,
      687.7572532598822
    ],
    [
      0.0,
      0.0,
      0.0,
      1.0
    ]
  ],
  "t_cam2base_mm": [
    484.1846796996249,
    231.5538884055597,
    687.7572532598822
  ],
  "euler_ZYX_deg": [
    153.63331646189494,
    -8.654856673225234,
    -153.80845605071522
  ],
  "T_correction": [
    [
      1.0,
      0.0,
      0.0,
      6.7
    ],
    [
      0.0,
      1.0,
      0.0,
      -10.2
    ],
    [
      0.0,
      0.0,
      1.0,
      -28.4
    ],
    [
      0.0,
      0.0,
      0.0,
      1.0
    ]
  ]
}