{
  "T_cam2base": [
    [
      -0.5462011147114538,
      0.6087079248088799,
      -0.5754467869080797,
      1012.9062351278135
    ],
    [
      0.8374914913424759,
      0.41037161453995596,
      -0.3608367219516684,
      544.0066640925423
    ],
    [
      0.016502854811259904,
      -0.6790212075147115,
      -0.7339331410478357,
      676.7561809559329
    ],
    [
      0.0,
      0.0,
      0.0,
      1.0
    ]
  ],
  "t_cam2base_mm": [
    1012.9062351278135,
    544.0066640925423,
    676.7561809559329
  ],
  "euler_ZYX_deg": [
    123.11187049910009,
    -0.9455868547666982,
    -137.22557757038524
  ],
  "T_correction": [
    [
      1.0,
      0.0,
      0.0,
      3.0
    ],
    [
      0.0,
      1.0,
      0.0,
      -6.0
    ],
    [
      0.0,
      0.0,
      1.0,
      80.0
    ],
    [
      0.0,
      0.0,
      0.0,
      1.0
    ]
  ]
}