{
  "timestamp": "20260409_151744",
  "T_cam2base": [
    [
      -0.7012763248679958,
      0.5769662525537347,
      -0.4187140546885628,
      469.9735291443032
    ],
    [
      0.7128822173717593,
      0.570226106917854,
      -0.40821701476595973,
      242.46257032807165
    ],
    [
      0.003234244078660159,
      -0.5847667316147594,
      -0.8111950500723182,
      312.1014019705185
    ],
    [
      0.0,
      0.0,
      0.0,
      1.0
    ]
  ],
  "t_cam2base_mm": [
    469.9735291443032,
    242.46257032807165,
    312.1014019705185
  ],
  "euler_ZYX_deg": [
    134.52978841527099,
    -0.18530885868880956,
    -144.21327159923305
  ],
  "T_correction": [
    [
      1.0,
      0.0,
      0.0,
      3.7
    ],
    [
      0.0,
      1.0,
      0.0,
      -8.7
    ],
    [
      0.0,
      0.0,
      1.0,
      -22.1
    ],
    [
      0.0,
      0.0,
      0.0,
      1.0
    ]
  ]
}