{
  "timestamp": "20260417_091819",
  "n_poses": 21,
  "primary_method": "PARK",
  "T_cam2base": [
    [
      -0.5001245502402298,
      0.49090449954823945,
      -0.7133640070611222,
      815.1162593050865
    ],
    [
      0.5544159014697446,
      0.8143355647847077,
      0.17169914421528637,
      239.21221729652177
    ],
    [
      0.6652055640510672,
      -0.30962939177355836,
      -0.6794344687351663,
      485.46660514476866
    ],
    [
      0.0,
      0.0,
      0.0,
      1.0
    ]
  ],
  "t_cam2base_mm": [
    815.1162593050865,
    239.21221729652177,
    485.46660514476866
  ],
  "camera_matrix": [
    [
      684.7235622927644,
      0.0,
      655.30967779978
    ],
    [
      0.0,
      685.9373519572401,
      356.9832994218377
    ],
    [
      0.0,
      0.0,
      1.0
    ]
  ],
  "all_methods": {
    "TSAI": {
      "R": [
        [
          0.13779981871101232,
          0.4189048500752887,
          -0.8975131957506876
        ],
        [
          0.500662956714069,
          0.7524047514710059,
          0.42804636867771695
        ],
        [
          0.8546038928869552,
          -0.5083363222781287,
          -0.10604890247054888
        ]
      ],
      "t_mm": [
        897.9372035549466,
        141.43632599626437,
        473.6540813568069
      ]
    },
    "PARK": {
      "R": [
        [
          -0.5001245502402298,
          0.49090449954823945,
          -0.7133640070611222
        ],
        [
          0.5544159014697446,
          0.8143355647847077,
          0.17169914421528637
        ],
        [
          0.6652055640510672,
          -0.30962939177355836,
          -0.6794344687351663
        ]
      ],
      "t_mm": [
        815.1162593050865,
        239.21221729652177,
        485.46660514476866
      ]
    },
    "HORAUD": {
      "R": [
        [
          -0.44539301700211836,
          0.5355003001579792,
          -0.717540583476967
        ],
        [
          0.5812135647518784,
          0.7825331380951946,
          0.22323234517269522
        ],
        [
          0.6810402723438358,
          -0.31761819266786573,
          -0.659774833660874
        ]
      ],
      "t_mm": [
        815.9588581188841,
        223.59547037645757,
        482.7344676252726
      ]
    },
    "ANDREFF": {
      "R": [
        [
          -0.05080577251853505,
          0.8833831610976914,
          -0.46588943341510214
        ],
        [
          0.9403349024277103,
          0.19945987027151396,
          0.2756556392086679
        ],
        [
          0.3364357958884031,
          -0.4240871972134047,
          -0.8408097313926711
        ]
      ],
      "t_mm": [
        602.3537674882641,
        177.24479269801697,
        394.3745863224678
      ]
    },
    "DANIILIDIS": {
      "R": [
        [
          0.6907418199280955,
          0.12875791208664278,
          -0.7115455981716917
        ],
        [
          -0.4708864483593138,
          -0.6666794943635679,
          -0.5777580847956071
        ],
        [
          -0.5487637842951861,
          0.73413885053866,
          -0.3998730513247932
        ]
      ],
      "t_mm": [
        1336.3974039539623,
        172.05152786442926,
        1102.6033154837276
      ]
    }
  }
}