{
  "timestamp": "20260401_144919",
  "T_cam2base": [
    [
      -0.9048229595106869,
      0.36793532149989205,
      -0.21428721645280896,
      501.8740623302366
    ],
    [
      0.4257495904359889,
      0.7885711629985181,
      -0.44372604964183987,
      203.1395493866388
    ],
    [
      0.005718232761059275,
      -0.492726212089367,
      -0.8701656059246161,
      558.1626772426604
    ],
    [
      0.0,
      0.0,
      0.0,
      1.0
    ]
  ],
  "t_cam2base_mm": [
    501.8740623302366,
    203.1395493866388,
    558.1626772426604
  ],
  "euler_ZYX_deg": [
    154.80143996328064,
    -0.3276323889961427,
    -150.4795439441498
  ],
  "T_correction": [
    [
      1.0,
      0.0,
      0.0,
      -14.5
    ],
    [
      0.0,
      1.0,
      0.0,
      -55.7
    ],
    [
      0.0,
      0.0,
      1.0,
      -64.2
    ],
    [
      0.0,
      0.0,
      0.0,
      1.0
    ]
  ]
}