{
  "timestamp": "20260403_150244",
  "T_cam2base": [
    [
      -0.8963101794136829,
      0.31830894706727686,
      -0.3087190899447796,
      479.7960641199044
    ],
    [
      0.416950128152602,
      0.841960846003242,
      -0.3424244798945218,
      239.03388058059346
    ],
    [
      0.15093261050197246,
      -0.43563901112552644,
      -0.8873770332122829,
      691.4562919737746
    ],
    [
      0.0,
      0.0,
      0.0,
      1.0
    ]
  ],
  "t_cam2base_mm": [
    479.7960641199044,
    239.03388058059346,
    691.4562919737746
  ],
  "euler_ZYX_deg": [
    155.05285363479052,
    -8.680976558279518,
    -153.85224522240685
  ],
  "T_correction": [
    [
      1.0,
      0.0,
      0.0,
      0.0
    ],
    [
      0.0,
      1.0,
      0.0,
      0.0
    ],
    [
      0.0,
      0.0,
      1.0,
      -25.0
    ],
    [
      0.0,
      0.0,
      0.0,
      1.0
    ]
  ]
}