{
  "timestamp": "20260327_131340",
  "n_poses": 15,
  "primary_method": "TSAI",
  "T_cam2base": [
    [
      -0.8591995614908088,
      0.4455541080348009,
      -0.2515107360478171,
      502.96526140438715
    ],
    [
      0.5113223470602705,
      0.7304188648147338,
      -0.4528109310954536,
      282.1810782952154
    ],
    [
      -0.018043584199877796,
      -0.5176580133022846,
      -0.8553973406161335,
      643.8093189194065
    ],
    [
      0.0,
      0.0,
      0.0,
      1.0
    ]
  ],
  "t_cam2base_mm": [
    502.96526140438715,
    282.1810782952154,
    643.8093189194065
  ],
  "camera_matrix": [
    [
      688.95458984375,
      0.0,
      646.4568481445312
    ],
    [
      0.0,
      689.0543823242188,
      361.184326171875
    ],
    [
      0.0,
      0.0,
      1.0
    ]
  ],
  "all_methods": {
    "TSAI": {
      "R": [
        [
          -0.8591995614908088,
          0.4455541080348009,
          -0.2515107360478171
        ],
        [
          0.5113223470602705,
          0.7304188648147338,
          -0.4528109310954536
        ],
        [
          -0.018043584199877796,
          -0.5176580133022846,
          -0.8553973406161335
        ]
      ],
      "t_mm": [
        502.96526140438715,
        282.1810782952154,
        643.8093189194065
      ]
    },
    "PARK": {
      "R": [
        [
          -0.8619726623438992,
          0.4397921234962032,
          -0.252162680590277
        ],
        [
          0.5066958117351905,
          0.7314981944034595,
          -0.4562562284007696
        ],
        [
          -0.0162013499990194,
          -0.5210501700366109,
          -0.8533722731393549
        ]
      ],
      "t_mm": [
        505.0948767790154,
        280.3962524105333,
        643.0515926605788
      ]
    },
    "HORAUD": {
      "R": [
        [
          -0.8616975713608386,
          0.4406299273706574,
          -0.2516397476873672
        ],
        [
          0.5071278677128797,
          0.7309488994714713,
          -0.45665636111898505
        ],
        [
          -0.017280662597847288,
          -0.5211132059992091,
          -0.8533126069814071
        ]
      ],
      "t_mm": [
        504.9906940921726,
        280.49005497678854,
        642.9549579620113
      ]
    },
    "ANDREFF": {
      "R": [
        [
          -0.8660319123513954,
          0.4374086462193802,
          -0.24220322665380373
        ],
        [
          0.49958378189473446,
          0.7375307934509722,
          -0.4543835093611275
        ],
        [
          -0.020118937763696276,
          -0.5145114235117697,
          -0.8572474691821219
        ]
      ],
      "t_mm": [
        494.776549987118,
        237.4786546427092,
        574.9991700128601
      ]
    },
    "DANIILIDIS": {
      "R": [
        [
          -0.8526304785844082,
          0.4514388584797688,
          -0.26310496772848224
        ],
        [
          0.5219626919976159,
          0.7127402202175354,
          -0.46856837990506894
        ],
        [
          -0.024004481904933067,
          -0.5368466592414843,
          -0.8433382769148645
        ]
      ],
      "t_mm": [
        506.14355454982206,
        289.2034399445736,
        645.1375422930595
      ]
    }
  }
}