{
  "T_cam2base": [
    [
      -0.6959490613835562,
      0.6007503061820879,
      -0.39338781575116843,
      470.3705545385107
    ],
    [
      0.7180385137861275,
      0.5755506516466512,
      -0.39135934907566056,
      247.52792252140577
    ],
    [
      -0.008694635078987876,
      -0.5548337742164252,
      -0.8319157927997282,
      319.86880078577195
    ],
    [
      0.0,
      0.0,
      0.0,
      1.0
    ]
  ],
  "t_cam2base_mm": [
    470.3705545385107,
    247.52792252140577,
    319.86880078577195
  ],
  "euler_ZYX_deg": [
    134.10499252429963,
    0.4981721712604835,
    -146.2992892868488
  ],
  "T_correction": [
    [
      1.0,
      0.0,
      0.0,
      -0.2
    ],
    [
      0.0,
      1.0,
      0.0,
      -0.1
    ],
    [
      0.0,
      0.0,
      1.0,
      -23.6
    ],
    [
      0.0,
      0.0,
      0.0,
      1.0
    ]
  ]
}