{
  "timestamp": "20260401_140108",
  "T_cam2base": [
    [
      -0.9091645435512052,
      0.3537249518163146,
      -0.21976917711971028,
      517.3220569560882
    ],
    [
      0.41596903420202125,
      0.796397167199014,
      -0.4390003583853018,
      249.68361888112483
    ],
    [
      0.019738169478609915,
      -0.4905407328040473,
      -0.8711946935821533,
      615.1747454859026
    ],
    [
      0.0,
      0.0,
      0.0,
      1.0
    ]
  ],
  "t_cam2base_mm": [
    517.3220569560882,
    249.68361888112483,
    615.1747454859026
  ],
  "euler_ZYX_deg": [
    155.414537072241,
    -1.1309872524391522,
    -150.61758657716715
  ],
  "T_correction": [
    [
      1.0,
      0.0,
      0.0,
      0.0
    ],
    [
      0.0,
      1.0,
      0.0,
      0.0
    ],
    [
      0.0,
      0.0,
      1.0,
      0.0
    ],
    [
      0.0,
      0.0,
      0.0,
      1.0
    ]
  ]
}