{
  "T_cam2base": [
    [
      -0.4151829472187215,
      0.6485577206043684,
      -0.6379623839876791,
      1010.4336182391339
    ],
    [
      0.9082591420199906,
      0.25553721676465935,
      -0.33130961619802457,
      552.8107897928523
    ],
    [
      -0.051850277490940344,
      -0.7169892704166764,
      -0.6951531736469851,
      620.5644072524045
    ],
    [
      0.0,
      0.0,
      0.0,
      1.0
    ]
  ],
  "t_cam2base_mm": [
    1010.4336182391339,
    552.8107897928523,
    620.5644072524045
  ],
  "euler_ZYX_deg": [
    114.5660634515434,
    2.9721348225833295,
    -134.11410035973276
  ],
  "T_correction": [
    [
      1.0,
      0.0,
      0.0,
      7.0
    ],
    [
      0.0,
      1.0,
      0.0,
      -6.9
    ],
    [
      0.0,
      0.0,
      1.0,
      19.0
    ],
    [
      0.0,
      0.0,
      0.0,
      1.0
    ]
  ]
}