{
  "T_cam2base": [
    [
      -0.5353592082853782,
      0.5591529066023236,
      -0.6330391339737427,
      1015.4859724700895
    ],
    [
      0.8442657233439946,
      0.33242185859208134,
      -0.42037018961461536,
      548.0073122149148
    ],
    [
      -0.024615167894908974,
      -0.7595022942482527,
      -0.6500387361851185,
      629.5034144233823
    ],
    [
      0.0,
      0.0,
      0.0,
      1.0
    ]
  ],
  "t_cam2base_mm": [
    1015.4859724700895,
    548.0073122149148,
    629.5034144233823
  ],
  "euler_ZYX_deg": [
    122.37928319342193,
    1.4104876941193234,
    -130.55937930429138
  ],
  "T_correction": [
    [
      1.0,
      0.0,
      0.0,
      6.5
    ],
    [
      0.0,
      1.0,
      0.0,
      -7.3
    ],
    [
      0.0,
      0.0,
      1.0,
      27.0
    ],
    [
      0.0,
      0.0,
      0.0,
      1.0
    ]
  ]
}