{
  "timestamp": "20260416_111843",
  "n_poses": 22,
  "primary_method": "HORAUD",
  "T_cam2base": [
    [
      -0.9308164166973316,
      -0.14393925900884708,
      -0.335949829770345,
      670.9841871372004
    ],
    [
      0.142381919575491,
      0.7037579018262226,
      -0.6960260085622889,
      480.6627487238854
    ],
    [
      0.3366128152413959,
      -0.6957056168618572,
      -0.6345750604003635,
      467.3866757628589
    ],
    [
      0.0,
      0.0,
      0.0,
      1.0
    ]
  ],
  "t_cam2base_mm": [
    670.9841871372004,
    480.6627487238854,
    467.3866757628589
  ],
  "camera_matrix": [
    [
      684.7235622927644,
      0.0,
      655.30967779978
    ],
    [
      0.0,
      685.9373519572401,
      356.9832994218377
    ],
    [
      0.0,
      0.0,
      1.0
    ]
  ],
  "all_methods": {
    "TSAI": {
      "R": [
        [
          0.9246767126683864,
          0.32669664230304557,
          0.19555633704051306
        ],
        [
          -0.3342678006865996,
          0.4506087848058542,
          0.8277782072994767
        ],
        [
          0.18231295750146376,
          -0.8307954182370697,
          0.5258716179481091
        ]
      ],
      "t_mm": [
        432.9370137753578,
        51.04021964154467,
        182.54440010006385
      ]
    },
    "PARK": {
      "R": [
        [
          -0.9039898351787516,
          -0.1525189801331961,
          -0.3994250099738669
        ],
        [
          0.17391794875587954,
          0.7222526211886041,
          -0.6694054812195204
        ],
        [
          0.39058280171308213,
          -0.6746029290518392,
          -0.6263832398146034
        ]
      ],
      "t_mm": [
        681.9977757069128,
        474.5715682441444,
        465.4110885007833
      ]
    },
    "HORAUD": {
      "R": [
        [
          -0.9308164166973316,
          -0.14393925900884708,
          -0.335949829770345
        ],
        [
          0.142381919575491,
          0.7037579018262226,
          -0.6960260085622889
        ],
        [
          0.3366128152413959,
          -0.6957056168618572,
          -0.6345750604003635
        ]
      ],
      "t_mm": [
        670.9841871372004,
        480.6627487238854,
        467.3866757628589
      ]
    },
    "ANDREFF": {
      "R": [
        [
          -0.5007357039761036,
          0.20035545107539546,
          -0.8420934912395002
        ],
        [
          0.8237221718880684,
          -0.18863888093300044,
          -0.5346935160822027
        ],
        [
          -0.26598033443012176,
          -0.9613912137234875,
          -0.07057900446818796
        ]
      ],
      "t_mm": [
        632.0522592042382,
        295.0214475095717,
        327.7446698355459
      ]
    },
    "DANIILIDIS": {
      "R": [
        [
          NaN,
          NaN,
          NaN
        ],
        [
          NaN,
          NaN,
          NaN
        ],
        [
          NaN,
          NaN,
          NaN
        ]
      ],
      "t_mm": [
        NaN,
        NaN,
        NaN
      ]
    }
  }
}