{
  "timestamp": "20260406_113535",
  "T_cam2base": [
    [
      -0.8855991570685702,
      0.33920238918659035,
      -0.31726309613559883,
      483.50136867959844
    ],
    [
      0.43918646487995866,
      0.833821050195011,
      -0.3344513497026643,
      247.4302143920142
    ],
    [
      0.15109395112208218,
      -0.43552749100578936,
      -0.8874043173844262,
      689.2454673492146
    ],
    [
      0.0,
      0.0,
      0.0,
      1.0
    ]
  ],
  "t_cam2base_mm": [
    483.50136867959844,
    247.4302143920142,
    689.2454673492146
  ],
  "euler_ZYX_deg": [
    153.62226048716215,
    -8.690327939008977,
    -153.8587444712506
  ],
  "T_correction": [
    [
      1.0,
      0.0,
      0.0,
      6.2
    ],
    [
      0.0,
      1.0,
      0.0,
      6.5
    ],
    [
      0.0,
      0.0,
      1.0,
      -27.3
    ],
    [
      0.0,
      0.0,
      0.0,
      1.0
    ]
  ]
}