{
  "timestamp": "20260502_105903",
  "n_poses": 19,
  "primary_method": "DANIILIDIS",
  "T_cam2base": [
    [
      -0.2727793470689187,
      0.6185273050265218,
      -0.7368957868988539,
      1052.223430118485
    ],
    [
      0.9617738377865409,
      0.15610202717859165,
      -0.22499609343293475,
      541.8579284694874
    ],
    [
      -0.02413530115829443,
      -0.7701013764741376,
      -0.6374647889810348,
      606.892818958538
    ],
    [
      0.0,
      0.0,
      0.0,
      1.0
    ]
  ],
  "t_cam2base_mm": [
    1052.223430118485,
    541.8579284694874,
    606.892818958538
  ],
  "camera_matrix": [
    [
      684.7235622927644,
      0.0,
      655.30967779978
    ],
    [
      0.0,
      685.9373519572401,
      356.9832994218377
    ],
    [
      0.0,
      0.0,
      1.0
    ]
  ],
  "all_methods": {
    "TSAI": {
      "R": [
        [
          -0.2739410091172254,
          0.6148069627534389,
          -0.739573337860234
        ],
        [
          0.9615704865765089,
          0.16037633553619912,
          -0.22284889576795425
        ],
        [
          -0.01839899097375408,
          -0.7721993457326108,
          -0.635113885520759
        ]
      ],
      "t_mm": [
        1050.807404733328,
        539.57315207567,
        605.1688316312412
      ]
    },
    "PARK": {
      "R": [
        [
          -0.2750855483540149,
          0.6149929393571993,
          -0.7389936573662614
        ],
        [
          0.9612374015586083,
          0.16096111054747964,
          -0.22386196357616683
        ],
        [
          -0.01872428721276362,
          -0.7719295339809937,
          -0.6354322903632298
        ]
      ],
      "t_mm": [
        1051.0852476617058,
        539.8823060737153,
        604.8464055662412
      ]
    },
    "HORAUD": {
      "R": [
        [
          -0.2749952295299764,
          0.6150837411266166,
          -0.7389517001384075
        ],
        [
          0.9612624548030291,
          0.16089373409637614,
          -0.22380281346439862
        ],
        [
          -0.018764773428210035,
          -0.7718712313140135,
          -0.6355019162425706
        ]
      ],
      "t_mm": [
        1051.0937309815167,
        539.8573444414724,
        604.8692796770785
      ]
    },
    "ANDREFF": {
      "R": [
        [
          -0.26945424542215024,
          0.6171365447662718,
          -0.7392813366627938
        ],
        [
          0.9628724151482864,
          0.15952573293253708,
          -0.21778028533098054
        ],
        [
          -0.016465775732896204,
          -0.7705154285582374,
          -0.6372086413281208
        ]
      ],
      "t_mm": [
        1044.5992733584922,
        535.7175612923829,
        604.7072105209976
      ]
    },
    "DANIILIDIS": {
      "R": [
        [
          -0.2727793470689187,
          0.6185273050265218,
          -0.7368957868988539
        ],
        [
          0.9617738377865409,
          0.15610202717859165,
          -0.22499609343293475
        ],
        [
          -0.02413530115829443,
          -0.7701013764741376,
          -0.6374647889810348
        ]
      ],
      "t_mm": [
        1052.223430118485,
        541.8579284694874,
        606.892818958538
      ]
    }
  }
}