{
  "timestamp": "20260406_113436",
  "T_cam2base": [
    [
      -0.8855991570685702,
      0.33920238918659035,
      -0.31726309613559883,
      477.30136867959845
    ],
    [
      0.43918646487995866,
      0.833821050195011,
      -0.3344513497026643,
      240.9302143920142
    ],
    [
      0.15109395112208218,
      -0.43552749100578936,
      -0.8874043173844262,
      716.5454673492145
    ],
    [
      0.0,
      0.0,
      0.0,
      1.0
    ]
  ],
  "t_cam2base_mm": [
    477.30136867959845,
    240.9302143920142,
    716.5454673492145
  ],
  "euler_ZYX_deg": [
    153.62226048716215,
    -8.690327939008977,
    -153.8587444712506
  ],
  "T_correction": [
    [
      1.0,
      0.0,
      0.0,
      0.0
    ],
    [
      0.0,
      1.0,
      0.0,
      0.0
    ],
    [
      0.0,
      0.0,
      1.0,
      0.0
    ],
    [
      0.0,
      0.0,
      0.0,
      1.0
    ]
  ]
}